-25.24,36.8,28.8,-18.7,0,38.7
-25.24,36.8,28.8,-18.7,0,38.7
-25.24,36.8,28.8,-18.7,0,38.7
-25.24,36.8,28.8,-18.7,0,38.7
-25.24,36.8,28.8,-18.7,0,38.7
-25.24,36.8,28.8,-18.7,0,38.7
-25.24,36.8,28.8,-18.7,0,38.7
-25.24,36.8,28.8,-18.7,0,38.7
-25.24,36.8,28.8,-18.7,0,38.7
-25.24,36.8,28.8,-18.7,0,38.7
-25.24,36.8,28.8,-18.7,0,38.7
-25.24,36.8,28.8,-18.7,0,38.7
-25.24,36.8,28.8,-18.7,0,38.7
-25.24,36.8,28.8,-18.7,0,38.7
-25.24,36.8,28.8,-18.7,0,38.7
-25.24,36.8,28.8,-18.7,0,38.7
-25.24,36.8,28.8,-18.7,0,38.7
-25.24,36.8,28.8,-18.7,0,38.7
-25.24,36.8,28.8,-18.7,0,38.7
-25.24,36.8,28.8,-18.7,0,38.7
-25.24,36.8,28.8,-18.7,0,38.7
-25.24,36.8,28.8,-18.7,0,38.7
-25.24,36.8,28.8,-18.7,0,38.7
-25.24,36.8,28.8,-18.7,0,38.7
-25.24,36.8,28.8,-18.7,0,38.7
-25.24,36.8,28.8,-18.7,0,38.7
-25.24,36.8,28.8,-18.7,0,38.7
-25.24,36.8,28.8,-18.7,0,38.7
-25.24,36.8,28.8,-18.7,0,38.7
-25.24,36.8,28.8,-18.7,0,38.7
-25.24,36.8,28.8,-18.7,0,38.7
-25.24,36.8,28.8,-18.7,0,38.7
-25.24,36.8,28.8,-18.7,0,38.7
-25.24,36.8,28.8,-18.7,0,38.7
-25.24,36.8,28.8,-18.7,0,38.7
-25.24,36.8,28.8,-18.7,0,38.7
-25.24,36.8,28.8,-18.7,0,38.7
-25.24,36.8,28.8,-18.7,0,38.7
-25.24,36.8,28.8,-18.7,0,38.7
-25.24,36.8,28.8,-18.7,0,38.7
-25.24,36.8,28.8,-18.7,0,38.7
-25.24,36.8,28.8,-18.7,0,38.7
-25.24,36.8,28.8,-18.7,0,38.7
-25.24,36.8,28.8,-18.7,0,38.7
-25.24,36.8,28.8,-18.8349,0,38.512
-25.24,36.8,28.8,-19.08598,0,38.21383
-25.24,36.8,28.8,-19.41836,0,37.8853
-25.24,36.8,28.8,-19.80154,0,37.55364
-25.24,36.8,28.8,-20.26151,0,37.18334
-25.24,36.8,28.8,-20.61996,0,36.77992
-25.24,36.8,28.8,-20.86342,0,36.267
-25.24,36.8,28.8,-21.03279,0,35.71241
-25.24,36.8,28.8,-21.15653,0,35.18959
-25.24,36.8,28.8,-21.28687,0,34.58736
-25.24,36.8,28.8,-21.41342,0,34.02009
-25.24,36.8,28.8,-21.56041,0,33.44796
-25.24,36.8,28.8,-21.75841,0,32.82166
-25.24,36.8,28.8,-21.96728,0,32.29658
-25.24,36.8,28.8,-22.22137,0,31.77857
-25.24,36.8,28.8,-22.54305,0,31.24121
-25.24,36.8,28.8,-22.88153,0,30.77598
-25.24,36.8,28.8,-23.24442,0,30.35843
-25.24,36.8,28.8,-23.73307,0,29.90403
-25.24,36.8,28.8,-24.15575,0,29.60035
-25.24,36.8,28.8,-24.74183,0,29.30336
-25.24,36.8,28.8,-33.60051,3.85005,28.74064
-25.24,36.8,28.8,-34.06673,3.850044,29.05619
-25.24,36.8,28.8,-34.37966,3.850039,29.46456
-25.24,36.8,28.8,-34.57603,3.850032,29.97918
-25.24,36.8,28.8,-34.62648,3.850025,30.53797
-25.24,36.8,28.8,-34.45149,3.85002,31.0078
-25.24,36.8,28.8,-34.16252,3.850017,31.34178
-25.24,36.8,28.8,-33.71317,3.850016,31.53078
-25.24,36.8,28.8,-28.92714,8.74712,31.68979
-25.24,36.8,28.8,-28.57364,8.76234,31.50664
-25.24,36.8,28.8,-28.23727,8.75745,31.20474
-25.24,36.8,28.8,-27.91488,8.7543,30.87506
-25.24,36.8,28.8,-27.45495,8.75184,30.41513
-25.24,36.8,28.8,-27.16383,8.751,30.13933
-25.24,36.8,28.8,-27.01054,8.75055,29.9941
-25.24,36.8,28.8,-26.91768,8.75036,29.90614
-25.24,36.8,28.8,-26.87086,8.75019,29.86177
-25.24,36.8,28.8,-26.84712,8.75017,29.83928
-25.24,36.8,28.8,-26.83073,8.75009,29.85945
-25.24,36.8,28.8,-26.79386,8.75005,30.12186
-25.24,36.8,28.8,-25.36759,12.59994,38.69419
-25.24,36.8,28.8,-25.46735,12.59994,39.23922
-25.24,36.8,28.8,-25.58773,12.59994,39.6206
-25.24,36.8,28.8,-25.65015,12.59994,39.69913
-25.24,36.8,28.8,-25.68457,12.59994,39.69913
-25.24,36.8,28.8,-25.70232,12.59994,39.69913
-25.24,36.8,28.8,-25.71187,12.59994,39.69913
-25.24,36.8,28.8,-25.71686,12.59994,39.69913
-25.24,36.8,28.8,-25.76566,12.59994,39.66037
-25.24,36.8,28.8,-25.98397,12.59994,39.47094
-25.24,36.8,28.8,-26.26797,12.59995,39.19223
-25.24,36.8,28.8,-26.596,12.59995,38.80735
-25.24,36.8,28.8,-26.90216,12.59996,38.32954
-25.24,36.8,28.8,-33.41741,3.849922,39.54898
-25.24,36.8,28.8,-33.89328,3.849922,39.40643
-25.24,36.8,28.8,-34.33864,3.849924,39.0958
-25.24,36.8,28.8,-34.73965,3.849927,38.69859
-25.24,36.8,28.8,-35.10045,3.849931,38.27514
-25.24,36.8,28.8,-35.45341,3.849936,37.79075
-25.24,36.8,28.8,-35.73751,3.849941,37.30275
-25.24,36.8,28.8,-35.9747,3.849947,36.74425
-25.24,36.8,28.8,-36.10465,3.849953,36.19223
-25.24,36.8,28.8,-36.00865,3.849959,35.69359
-25.24,36.8,28.8,-35.74459,3.849964,35.30204
-25.24,36.8,28.8,-35.32125,3.84997,34.91042
-25.24,36.8,28.8,-34.86994,3.849976,34.58366
-25.24,36.8,28.8,-34.37827,3.849981,34.26868
-25.24,36.8,28.8,-29.08149,8.66896,29.67375
-25.24,36.8,28.8,-28.8708,8.75555,29.83845
-25.24,36.8,28.8,-28.59948,8.75674,30.16386
-25.24,36.8,28.8,-28.29362,8.75445,30.57627
-25.24,36.8,28.8,-27.97686,8.75268,31.02368
-25.24,36.8,28.8,-27.6229,8.75111,31.45024
-25.24,36.8,28.8,-27.33264,8.75076,31.70872
-25.24,36.8,28.8,-27.18248,8.75067,31.84243
-25.24,36.8,28.8,-27.10118,8.75023,31.91483
-25.24,36.8,28.8,-27.72728,12.59998,36.02098
-25.24,36.8,28.8,-27.92981,12.59998,36.61805
-25.24,36.8,28.8,-28.12493,12.59998,37.04031
-25.24,36.8,28.8,-28.24645,12.59998,37.30014
-25.24,36.8,28.8,-28.31099,12.59998,37.43814
-25.24,36.8,28.8,-28.34189,12.59998,37.50422
-25.24,36.8,28.8,-28.36051,12.59998,37.54403
-25.24,36.8,28.8,-28.46151,12.59998,37.45993
-25.24,36.8,28.8,-37.06853,17.50009,25.44716
-25.24,36.8,28.8,-37.14368,17.50009,25.7349
-25.24,36.8,28.8,-36.96941,17.50009,26.01756
-25.24,36.8,28.8,-36.63491,17.50008,26.35617
-25.24,36.8,28.8,-24.38295,21.34991,25.33281
-25.24,36.8,28.8,-24.40314,21.34991,25.47925
-25.24,36.8,28.8,-24.63411,21.34992,25.71413
-25.24,36.8,28.8,-24.91285,21.34992,26.05217
-25.24,36.8,28.8,-25.238,21.34993,26.42452
-25.24,36.8,28.8,-36.80383,26.24994,26.96415
-25.24,36.8,28.8,-36.95789,26.24994,27.30885
-25.24,36.8,28.8,-37.06975,26.24995,27.745
-25.24,36.8,28.8,-36.99581,26.24995,28.21585
-25.24,36.8,28.8,-36.78003,26.24996,28.69472
-25.24,36.8,28.8,-36.54588,26.24996,29.14686
-25.24,36.8,28.8,-34.08579,30.10005,36.10339
-25.24,36.8,28.8,-33.69269,30.10004,36.05498
-25.24,36.8,28.8,-33.28088,30.10004,36.24644
-25.24,36.8,28.8,-32.92619,30.10003,36.51983
-25.24,36.8,28.8,-25.63475,34.99998,36.57577
-25.24,36.8,28.8,-25.4746,34.99998,35.99386
-25.24,36.8,28.8,-25.29713,34.99998,35.41734
-25.24,36.8,28.8,-25.113,34.99998,34.84859
-25.24,36.8,28.8,-25.07344,34.99998,34.25029
-25.24,36.8,28.8,-25.2044,34.99998,33.73581
-25.24,36.8,28.8,-25.42394,34.99999,33.27291
-25.24,36.8,28.8,-25.62024,34.99999,32.74772
-25.24,36.8,28.8,-25.74407,34.99999,32.16687
-25.24,36.8,28.8,-25.84109,35,31.55935
-25.24,36.8,28.8,-25.91766,35,30.99812
-25.24,36.8,28.8,-25.98867,35,30.42827
-25.24,36.8,28.8,-26.16259,35,29.98415
-25.24,36.8,28.8,-26.45416,35,29.68319
37.29,28.56,3.9,-18.7843,0,38.51316
37.29,28.56,3.9,-18.89833,0,38.17052
37.29,28.56,3.9,-18.95932,0,37.98726
37.29,28.56,3.9,-18.99075,0,37.89282
37.29,28.56,3.9,-19.00675,0,37.84472
37.29,28.56,3.9,-19.01605,0,37.8168
37.29,28.56,3.9,-19.02114,0,37.8015
37.29,28.56,3.9,-19.02352,0,37.79435
37.29,28.56,3.9,-19.02504,0,37.78978
37.29,28.56,3.9,-19.02576,0,37.78759
37.29,28.56,3.9,-19.02619,0,37.78631
37.29,28.56,3.9,-19.0264,0,37.78568
37.29,28.56,3.9,-19.02651,0,37.78535
37.29,28.56,3.9,-18.99235,0,37.66077
37.29,28.56,3.9,-18.93337,0,37.33476
37.29,28.56,3.9,-18.88867,0,36.91096
37.29,28.56,3.9,-18.84296,0,36.35932
37.29,28.56,3.9,-18.78146,0,35.80812
37.29,28.56,3.9,-18.69704,0,35.20801
37.29,28.56,3.9,-18.60941,0,34.64531
37.29,28.56,3.9,-18.51632,0,34.0733
37.29,28.56,3.9,-18.3964,0,33.46287
37.29,28.56,3.9,-18.25175,0,32.93633
37.29,28.56,3.9,-18.02278,0,32.37316
37.29,28.56,3.9,-17.72884,0,31.88521
37.29,28.56,3.9,-17.30661,0,31.40162
37.29,28.56,3.9,-16.97407,0,30.9457
37.29,28.56,3.9,-16.69979,0,30.45208
37.29,28.56,3.9,-16.44577,0,29.92266
37.29,28.56,3.9,-16.1657,0,29.4144
37.29,28.56,3.9,-15.76495,0,29.16034
37.29,28.56,3.9,-15.30467,0,29.12405
37.29,28.56,3.9,-14.76898,0,29.21136
37.29,28.56,3.9,-14.28209,0,29.34567
37.29,28.56,3.9,-13.71266,0,29.39368
37.29,28.56,3.9,-13.32181,0,29.17895
37.29,28.56,3.9,-13.00912,0,28.8125
37.29,28.56,3.9,-12.73252,0,28.3504
37.29,28.56,3.9,-12.48462,0,27.83891
37.29,28.56,3.9,-12.26879,0,27.30346
37.29,28.56,3.9,-12.09723,0,26.74936
37.29,28.56,3.9,-11.98246,0,26.14635
37.29,28.56,3.9,-11.94833,0,25.62435
37.29,28.56,3.9,-11.98739,0,24.98224
37.29,28.56,3.9,-12.07589,0,24.421
37.29,28.56,3.9,-12.2005,0,23.82946
37.29,28.56,3.9,-12.33535,0,23.26682
37.29,28.56,3.9,-12.48523,0,22.6794
37.29,28.56,3.9,-12.62361,0,22.15416
37.29,28.56,3.9,-12.79473,0,21.51605
37.29,28.56,3.9,-12.88163,0,20.9528
37.29,28.56,3.9,-12.798,0,20.41628
37.29,28.56,3.9,-12.6105,0,19.86732
37.29,28.56,3.9,-12.37372,0,19.33694
37.29,28.56,3.9,-12.0944,0,18.78345
37.29,28.56,3.9,-11.83212,0,18.29325
37.29,28.56,3.9,-11.53419,0,17.75281
37.29,28.56,3.9,-11.35962,0,17.26466
37.29,28.56,3.9,-11.32905,0,16.64647
37.29,28.56,3.9,-11.38674,0,16.10891
37.29,28.56,3.9,-11.49151,0,15.5394
37.29,28.56,3.9,-11.61393,0,14.9967
37.29,28.56,3.9,-11.75972,0,14.38097
37.29,28.56,3.9,-11.88634,0,13.79543
37.29,28.56,3.9,-11.98388,0,13.22752
37.29,28.56,3.9,-12.05436,0,12.62712
37.29,28.56,3.9,-12.0888,0,11.98673
37.29,28.56,3.9,-12.08567,0,11.40723
37.29,28.56,3.9,-12.07683,0,11.14185
37.29,28.56,3.9,-12.02335,0,10.25062
37.29,28.56,3.9,-11.97962,0,9.644723
37.29,28.56,3.9,-11.92924,0,8.997516
37.29,28.56,3.9,-11.8828,0,8.422399
37.29,28.56,3.9,-11.83559,0,7.848128
37.29,28.56,3.9,-11.78574,0,7.247651
37.29,28.56,3.9,-11.73619,0,6.65396
37.29,28.56,3.9,-11.68155,0,6.00713
37.29,28.56,3.9,-11.62758,0,5.435868
37.29,28.56,3.9,-11.55896,0,4.877858
37.29,28.56,3.9,-11.45671,0,4.285532
37.29,28.56,3.9,-11.30511,0,3.666459
37.29,28.56,3.9,-11.14126,0,3.155751
37.29,28.56,3.9,-10.91362,0,2.571095
37.29,28.56,3.9,-10.66333,0,2.00251
37.29,28.56,3.9,-10.35338,0,1.504766
37.29,28.56,3.9,-9.951138,0,1.166655
37.29,28.56,3.9,-9.454508,0,0.8838387
37.29,28.56,3.9,-8.950259,0,0.6574
37.29,28.56,3.9,-8.372285,0,0.441775
37.29,28.56,3.9,-7.830909,-0.07801,0.2778604
37.29,28.56,3.9,-7.212643,-0.09447,0.1337677
37.29,28.56,3.9,-6.649726,-0.09447,0.03859943
37.29,28.56,3.9,-6.042975,-0.09447,-0.03331834
37.29,28.56,3.9,-5.531779,-0.09447,-0.07533086
37.29,28.56,3.9,-4.890273,-0.09447,-0.1096836
37.29,28.56,3.9,-4.354789,-0.09447,-0.1236523
37.29,28.56,3.9,-3.64968,-0.09447,-0.1214129
37.29,28.56,3.9,-3.100766,-0.09447,-0.1077516
37.29,28.56,3.9,-2.478015,-0.09447,-0.08550231
37.29,28.56,3.9,-1.892773,-0.09447,-0.0609827
37.29,28.56,3.9,-1.318965,-0.09447,-0.03512098
37.29,28.56,3.9,-0.6750207,-0.09447,-0.004927482
37.29,28.56,3.9,-0.07570305,-0.09447,0.02374771
37.29,28.56,3.9,12.47012,1E-06,0.6357346
37.29,28.56,3.9,13.06165,1E-06,0.6579779
37.29,28.56,3.9,13.6624,1E-06,0.5612106
37.29,28.56,3.9,14.13724,1E-06,0.3316128
37.29,28.56,3.9,14.61661,1E-06,0.002518658
37.29,28.56,3.9,15.0412,1E-06,-0.3410016
37.29,28.56,3.9,15.4934,1E-06,-0.7297165
37.29,28.56,3.9,15.98982,1E-06,-0.9775267
37.29,28.56,3.9,16.55905,1E-06,-1.107603
37.29,28.56,3.9,17.08208,1E-06,-1.163447
37.29,28.56,3.9,17.7356,1E-06,-1.188633
37.29,28.56,3.9,18.28251,1E-06,-1.189971
37.29,28.56,3.9,18.9468,1E-06,-1.179193
37.29,28.56,3.9,19.49261,1E-06,-1.164956
37.29,28.56,3.9,20.13235,1E-06,-1.145221
37.29,28.56,3.9,20.72932,1E-06,-1.125151
37.29,28.56,3.9,21.27955,1E-06,-1.105889
37.29,28.56,3.9,21.9158,1E-06,-1.083133
37.29,28.56,3.9,22.41633,1E-06,-1.065028
37.29,28.56,3.9,23.08581,1E-06,-1.053592
37.29,28.56,3.9,23.61577,1E-06,-1.19717
37.29,28.56,3.9,24.14574,1E-06,-1.487113
37.29,28.56,3.9,24.58993,1E-06,-1.80123
37.29,28.56,3.9,38.95451,3.849914,-9.053347
37.29,28.56,3.9,38.9545,3.849907,-9.641877
37.29,28.56,3.9,38.9545,3.849907,-9.649064
37.29,28.56,3.9,38.9545,3.849907,-9.649066
37.29,28.56,3.9,38.9545,3.849907,-9.649067
37.29,28.56,3.9,38.94154,3.849907,-9.622485
37.29,28.56,3.9,38.81963,3.849911,-9.384325
37.29,28.56,3.9,38.63377,3.849915,-9.045943
37.29,28.56,3.9,38.35284,3.849922,-8.57529
37.29,28.56,3.9,38.0494,3.849928,-8.110555
37.29,28.56,3.9,37.8204,3.849934,-7.674298
37.29,28.56,3.9,36.902,8.71187,-1.269864
37.29,28.56,3.9,36.71783,8.78646,-0.9103334
37.29,28.56,3.9,36.46325,8.76361,-0.4519658
37.29,28.56,3.9,36.19623,8.75666,-0.01944814
37.29,28.56,3.9,35.88002,8.75336,0.4483346
37.29,28.56,3.9,35.60287,8.75197,0.9806361
37.29,28.56,3.9,35.48533,8.75161,1.52805
37.29,28.56,3.9,35.42894,8.75055,2.094958
37.29,28.56,3.9,35.38686,8.75031,2.698131
37.29,28.56,3.9,35.41402,8.75018,3.207128
37.29,28.56,3.9,35.58889,8.75013,3.734832
37.29,28.56,3.9,35.90621,8.7501,4.161427
37.29,28.56,3.9,36.33811,8.75008,4.447
37.29,28.56,3.9,36.85828,8.75008,4.691462
37.29,28.56,3.9,37.19433,8.75008,4.768689
37.29,28.56,3.9,37.30867,8.75008,4.708408
37.29,28.56,3.9,37.27132,8.75007,4.600076
37.29,28.56,3.9,37.03681,8.75007,4.337538
37.29,28.56,3.9,36.70921,8.75006,4.0031
37.29,28.56,3.9,36.3847,8.75006,3.701751
37.29,28.56,3.9,35.88344,8.75005,3.441914
37.29,28.56,3.9,35.34163,8.75005,3.254707
37.29,28.56,3.9,34.81511,8.75004,3.101602
37.29,28.56,3.9,25.58694,12.24996,0.6503466
37.29,28.56,3.9,25.17545,12.24996,0.4855355
37.29,28.56,3.9,25.04321,12.24996,0.1761161
37.29,28.56,3.9,25.02366,12.24997,-0.2601187
37.29,28.56,3.9,25.07459,12.24997,-0.8035991
37.29,28.56,3.9,25.1574,12.24998,-1.34361
37.29,28.56,3.9,25.2597,12.24999,-1.913285
37.29,28.56,3.9,25.36086,12.24999,-2.43731
37.29,28.56,3.9,25.48922,12.25,-3.077572
37.29,28.56,3.9,25.60795,12.25001,-3.658019
37.29,28.56,3.9,25.62169,12.25002,-4.209685
37.29,28.56,3.9,25.485,12.25002,-4.739932
37.29,28.56,3.9,25.27842,12.25003,-5.282966
37.29,28.56,3.9,25.09554,12.25003,-5.773895
37.29,28.56,3.9,24.92989,12.25004,-6.416527
37.29,28.56,3.9,24.92302,12.25005,-6.964837
37.29,28.56,3.9,27.92946,12.24998,-0.8028975
37.29,28.56,3.9,27.9129,12.24998,-0.6077657
37.29,28.56,3.9,27.90311,12.24998,-0.4923604
37.29,28.56,3.9,27.85969,12.24998,-0.4149709
37.29,28.56,3.9,27.64313,12.24998,-0.2856084
37.29,28.56,3.9,27.22783,12.24997,-0.06732755
37.29,28.56,3.9,26.80904,12.24997,0.1458246
37.29,28.56,3.9,26.29877,12.24996,0.4026962
37.29,28.56,3.9,25.76181,12.24996,0.6731873
37.29,28.56,3.9,25.28641,12.24995,0.9228471
37.29,28.56,3.9,28.64969,17.52584,-1.323236
37.29,28.56,3.9,29.07763,17.53202,-1.453821
37.29,28.56,3.9,29.62436,17.50758,-1.573716
37.29,28.56,3.9,30.15957,17.50424,-1.671107
37.29,28.56,3.9,30.73532,17.50287,-1.765979
37.29,28.56,3.9,31.32305,17.50117,-1.857969
37.29,28.56,3.9,31.91695,17.50064,-1.948496
37.29,28.56,3.9,32.40289,17.50035,-2.022194
37.29,28.56,3.9,32.63016,17.50027,-2.056665
37.29,28.56,3.9,32.6257,17.50011,-2.138033
37.29,28.56,3.9,32.48777,17.50004,-2.381969
37.29,28.56,3.9,32.21242,17.50003,-2.75402
37.29,28.56,3.9,31.90492,17.50002,-3.103786
37.29,28.56,3.9,31.50392,17.50001,-3.520944
37.29,28.56,3.9,31.14697,17.50001,-3.882528
37.29,28.56,3.9,30.70721,17.50001,-4.346104
37.29,28.56,3.9,30.30311,17.50002,-4.823246
37.29,28.56,3.9,29.99353,17.50002,-5.243618
37.29,28.56,3.9,29.81213,17.50002,-5.494835
37.29,28.56,3.9,29.71995,17.50002,-5.622496
37.29,28.56,3.9,29.66146,17.50002,-5.703504
37.29,28.56,3.9,29.63124,17.50002,-5.745344
37.29,28.56,3.9,29.67076,17.50002,-5.747377
37.29,28.56,3.9,36.50456,19.93443,-6.131149
37.29,28.56,3.9,36.50456,19.93443,-6.260833
37.29,28.56,3.9,36.50456,19.93443,-6.329275
37.29,28.56,3.9,39.75724,23.0999,-2.211531
37.29,28.56,3.9,39.79677,23.0999,-2.011252
37.29,28.56,3.9,39.81842,23.0999,-1.901597
37.29,28.56,3.9,39.82858,23.0999,-1.850101
37.29,28.56,3.9,39.83469,23.0999,-1.819174
37.29,28.56,3.9,39.83677,23.0999,-1.791303
37.29,28.56,3.9,38.78584,26.775,3.255433
37.29,28.56,3.9,38.77671,26.775,3.65156
37.29,28.56,3.9,38.82165,26.775,3.819655
37.29,28.56,3.9,38.85004,26.775,3.925807
32.07,19.56,-30.842,-18.69309,0,38.72585
32.07,19.56,-30.842,-18.68584,0,38.75296
32.07,19.56,-30.842,-18.68139,0,38.76961
32.07,19.56,-30.842,-18.67897,0,38.77864
32.07,19.56,-30.842,-18.67771,0,38.78337
32.07,19.56,-30.842,-18.67702,0,38.78593
32.07,19.56,-30.842,-18.67667,0,38.78727
32.07,19.56,-30.842,-18.67646,0,38.78803
32.07,19.56,-30.842,-18.67636,0,38.7884
32.07,19.56,-30.842,-18.67631,0,38.78859
32.07,19.56,-30.842,-18.67628,0,38.7887
32.07,19.56,-30.842,-18.67627,0,38.78876
32.07,19.56,-30.842,-18.67626,0,38.78879
32.07,19.56,-30.842,-18.67626,0,38.78881
32.07,19.56,-30.842,-18.67625,0,38.78882
32.07,19.56,-30.842,-18.67625,0,38.78882
32.07,19.56,-30.842,-18.67625,0,38.78883
32.07,19.56,-30.842,-18.67625,0,38.78883
32.07,19.56,-30.842,-18.61896,0,38.81979
32.07,19.56,-30.842,-18.3577,0,38.93678
32.07,19.56,-30.842,-17.95703,0,39.05549
32.07,19.56,-30.842,-17.45289,0,39.10765
32.07,19.56,-30.842,-17.08812,0,39.10546
32.07,19.56,-30.842,-16.87567,0,39.12927
32.07,19.56,-30.842,-16.94149,0,39.33805
32.07,19.56,-30.842,-17.10413,0,39.65775
32.07,19.56,-30.842,-17.29162,0,40.07939
32.07,19.56,-30.842,-17.47131,0,40.65171
32.07,19.56,-30.842,-17.55931,0,41.19315
32.07,19.56,-30.842,-17.56362,0,41.75035
32.07,19.56,-30.842,-17.47055,0,42.32013
32.07,19.56,-30.842,-17.26726,0,42.86339
32.07,19.56,-30.842,-17.0989,0,43.21415
32.07,19.56,-30.842,-16.99583,0,43.42888
32.07,19.56,-30.842,-16.89746,0,43.38074
32.07,19.56,-30.842,-16.76941,0,43.091
32.07,19.56,-30.842,-16.64122,0,42.65235
32.07,19.56,-30.842,-16.52816,0,42.19295
32.07,19.56,-30.842,-16.3908,0,41.58353
32.07,19.56,-30.842,-16.27933,0,41.06609
32.07,19.56,-30.842,-16.15351,0,40.46907
32.07,19.56,-30.842,-16.02935,0,39.87243
32.07,19.56,-30.842,-15.90145,0,39.31956
32.07,19.56,-30.842,-15.61094,0,38.80647
32.07,19.56,-30.842,-15.23534,0,38.40889
32.07,19.56,-30.842,-14.81521,0,38.07369
32.07,19.56,-30.842,-14.30347,0,37.73991
32.07,19.56,-30.842,-13.78042,0,37.43782
32.07,19.56,-30.842,-13.26624,0,37.15669
32.07,19.56,-30.842,-12.74874,0,36.88156
32.07,19.56,-30.842,-12.21615,0,36.59521
32.07,19.56,-30.842,-11.83838,0,36.24543
32.07,19.56,-30.842,-11.50941,0,35.75101
32.07,19.56,-30.842,-11.26797,0,35.26551
32.07,19.56,-30.842,-11.02658,0,34.69017
32.07,19.56,-30.842,-10.81688,0,34.13845
32.07,19.56,-30.842,-10.60892,0,33.56205
32.07,19.56,-30.842,-10.49388,0,33.02488
32.07,19.56,-30.842,-10.53856,0,32.51863
32.07,19.56,-30.842,-10.68985,0,31.95648
32.07,19.56,-30.842,-10.89585,0,31.40507
32.07,19.56,-30.842,-11.12951,0,30.86027
32.07,19.56,-30.842,-11.382,0,30.30946
32.07,19.56,-30.842,-11.6414,0,29.76245
32.07,19.56,-30.842,-11.88417,0,29.26224
32.07,19.56,-30.842,-12.16169,0,28.71305
32.07,19.56,-30.842,-12.43886,0,28.19283
32.07,19.56,-30.842,-12.65548,0,27.64505
32.07,19.56,-30.842,-12.70861,0,27.10554
32.07,19.56,-30.842,-12.6852,0,26.57021
32.07,19.56,-30.842,-12.60471,0,25.89977
32.07,19.56,-30.842,-12.52377,0,25.34624
32.07,19.56,-30.842,-12.44175,0,24.77171
32.07,19.56,-30.842,-12.35888,0,24.13233
32.07,19.56,-30.842,-12.29755,0,23.60452
32.07,19.56,-30.842,-12.23106,0,22.99358
32.07,19.56,-30.842,-12.17046,0,22.41372
32.07,19.56,-30.842,-12.10866,0,21.81015
32.07,19.56,-30.842,-12.04398,0,21.18088
32.07,19.56,-30.842,-11.97569,0,20.56793
32.07,19.56,-30.842,-11.89728,0,19.97965
32.07,19.56,-30.842,-11.80115,0,19.4047
32.07,19.56,-30.842,-11.67614,0,18.80052
32.07,19.56,-30.842,-11.53558,0,18.20299
32.07,19.56,-30.842,-11.39773,0,17.6521
32.07,19.56,-30.842,-11.24198,0,17.04917
32.07,19.56,-30.842,-11.088,0,16.46342
32.07,19.56,-30.842,-10.94717,0,15.93237
32.07,19.56,-30.842,-10.79026,0,15.34345
32.07,19.56,-30.842,-10.62409,0,14.72143
32.07,19.56,-30.842,-10.46928,0,14.14279
32.07,19.56,-30.842,-10.31945,0,13.58315
32.07,19.56,-30.842,-10.16682,0,13.01327
32.07,19.56,-30.842,-10.00613,0,12.41418
32.07,19.56,-30.842,-9.917253,0,11.894
32.07,19.56,-30.842,-9.986265,0,11.30304
32.07,19.56,-30.842,-10.1298,0,10.77954
32.07,19.56,-30.842,-10.30875,0,10.22099
32.07,19.56,-30.842,-10.48028,0,9.650577
32.07,19.56,-30.842,-10.62599,0,9.023086
32.07,19.56,-30.842,-10.70553,0,8.464165
32.07,19.56,-30.842,-10.73896,0,7.890787
32.07,19.56,-30.842,-10.73483,0,7.281331
32.07,19.56,-30.842,-10.70643,0,6.645879
32.07,19.56,-30.842,-10.67204,0,6.111666
32.07,19.56,-30.842,-10.62376,0,5.46756
32.07,19.56,-30.842,-10.57918,0,4.915531
32.07,19.56,-30.842,-10.52768,0,4.301456
32.07,19.56,-30.842,-10.47583,0,3.695335
32.07,19.56,-30.842,-10.42424,0,3.098698
32.07,19.56,-30.842,-10.37471,0,2.528687
32.07,19.56,-30.842,-10.32389,0,1.914218
32.07,19.56,-30.842,-10.28954,0,1.325622
32.07,19.56,-30.842,-10.28867,0,0.7187817
32.07,19.56,-30.842,-10.34927,0,0.1180415
32.07,19.56,-30.842,-10.50102,0,-0.4932141
32.07,19.56,-30.842,-10.70077,0,-0.9913193
32.07,19.56,-30.842,-10.97727,0,-1.513999
32.07,19.56,-30.842,-11.29221,0,-2.028349
32.07,19.56,-30.842,-11.494,0,-2.574764
32.07,19.56,-30.842,-11.55161,0,-3.111507
32.07,19.56,-30.842,-11.54026,0,-3.670881
32.07,19.56,-30.842,-11.48378,0,-4.299376
32.07,19.56,-30.842,-11.41013,0,-4.882801
32.07,19.56,-30.842,-11.33276,0,-5.420708
32.07,19.56,-30.842,-11.28876,0,-6.056627
32.07,19.56,-30.842,-11.42206,0,-6.582416
32.07,19.56,-30.842,-11.66415,0,-7.107341
32.07,19.56,-30.842,-11.93563,0,-7.574522
32.07,19.56,-30.842,-12.24682,0,-8.05496
32.07,19.56,-30.842,-12.60635,0,-8.578365
32.07,19.56,-30.842,-12.9086,0,-9.005638
32.07,19.56,-30.842,-13.29021,0,-9.536765
32.07,19.56,-30.842,-13.63472,0,-10.01203
32.07,19.56,-30.842,-14.00429,0,-10.51955
32.07,19.56,-30.842,-14.34987,0,-10.99301
32.07,19.56,-30.842,-14.69022,0,-11.45872
32.07,19.56,-30.842,-15.03309,0,-11.92759
32.07,19.56,-30.842,-15.3548,0,-12.45041
32.07,19.56,-30.842,-15.48296,0,-12.97274
32.07,19.56,-30.842,-15.5125,0,-13.53171
32.07,19.56,-30.842,-15.48226,0,-14.15291
32.07,19.56,-30.842,-15.42404,0,-14.73624
32.07,19.56,-30.842,-15.34899,0,-15.33378
32.07,19.56,-30.842,-15.27155,0,-15.89082
32.07,19.56,-30.842,-15.1801,0,-16.51603
32.07,19.56,-30.842,-15.10012,0,-17.04849
32.07,19.56,-30.842,-15.00886,0,-17.64784
32.07,19.56,-30.842,-14.91461,0,-18.262
32.07,19.56,-30.842,-14.82761,0,-18.82663
32.07,19.56,-30.842,-14.73039,0,-19.4562
32.07,19.56,-30.842,-14.64105,0,-20.03348
32.07,19.56,-30.842,-14.53802,0,-20.6714
32.07,19.56,-30.842,-14.44904,0,-21.1678
32.07,19.56,-30.842,-14.30531,0,-21.84885
32.07,19.56,-30.842,-14.17551,0,-22.37298
32.07,19.56,-30.842,-14.00342,0,-22.98841
32.07,19.56,-30.842,-13.89235,0,-23.55804
32.07,19.56,-30.842,-13.92986,0,-24.0796
32.07,19.56,-30.842,-14.05851,0,-24.67927
32.07,19.56,-30.842,-14.20512,0,-25.24452
32.07,19.56,-30.842,-14.34193,0,-25.78908
32.07,19.56,-30.842,-14.47866,0,-26.40709
32.07,19.56,-30.842,-14.57278,0,-26.91527
32.07,19.56,-30.842,-14.67276,0,-27.59234
32.07,19.56,-30.842,-14.73799,0,-28.1806
32.07,19.56,-30.842,-14.78407,0,-28.77867
32.07,19.56,-30.842,-14.80733,0,-29.27621
32.07,19.56,-30.842,-14.8177,0,-29.93978
32.07,19.56,-30.842,-14.81086,0,-30.52776
32.07,19.56,-30.842,-14.78968,0,-31.17251
32.07,19.56,-30.842,-14.7646,0,-31.70306
32.07,19.56,-30.842,-14.72695,0,-32.37301
32.07,19.56,-30.842,-14.68955,0,-32.98457
32.07,19.56,-30.842,-14.65232,0,-33.56977
32.07,19.56,-30.842,-14.6162,0,-34.12662
32.07,19.56,-30.842,-14.57437,0,-34.76415
32.07,19.56,-30.842,-14.53281,0,-35.36887
32.07,19.56,-30.842,-14.49213,0,-35.84949
32.07,19.56,-30.842,-14.37869,0,-36.55159
32.07,19.56,-30.842,-14.26836,0,-37.0726
32.07,19.56,-30.842,-14.07779,0,-37.71703
32.07,19.56,-30.842,-13.87064,0,-38.23832
32.07,19.56,-30.842,-13.62709,0,-38.73038
32.07,19.56,-30.842,-13.3088,0,-39.25887
32.07,19.56,-30.842,-12.96119,0,-39.74759
32.07,19.56,-30.842,-12.58482,0,-40.18753
32.07,19.56,-30.842,-12.08409,0,-40.4635
32.07,19.56,-30.842,-11.55349,0,-40.57417
32.07,19.56,-30.842,-10.99953,0,-40.59748
32.07,19.56,-30.842,-10.45779,0.118003,-40.57217
32.07,19.56,-30.842,-9.941499,0.367587,-40.51892
32.07,19.56,-30.842,-9.427326,0.617183,-40.44964
32.07,19.56,-30.842,-8.989262,0.830258,-40.38391
32.07,19.56,-30.842,-8.397132,1.118603,-40.28989
32.07,19.56,-30.842,-7.885269,1.368024,-40.20604
32.07,19.56,-30.842,-7.358869,1.624612,-40.11851
32.07,19.56,-30.842,-6.832721,1.88112,-40.03033
32.07,19.56,-30.842,-6.275464,2.152821,-39.93652
32.07,19.56,-30.842,-5.73187,2.417874,-39.84481
32.07,19.56,-30.842,-5.22948,2.662842,-39.75996
32.07,19.56,-30.842,-4.665182,2.938001,-39.66458
32.07,19.56,-30.842,-4.115519,3.206025,-39.57165
32.07,19.56,-30.842,-3.592786,3.460919,-39.48325
32.07,19.56,-30.842,-3.115953,3.693412,-39.40292
32.07,19.56,-30.842,-2.544098,3.972091,-39.30885
32.07,19.56,-30.842,-2.000307,4.23681,-39.22386
32.07,19.56,-30.842,-1.444728,4.507038,-39.14063
32.07,19.56,-30.842,-0.9505292,4.747303,-39.06829
32.07,19.56,-30.842,-0.3988657,5.01544,-38.98856
32.07,19.56,-30.842,0.05939673,5.238152,-38.92277
32.07,19.56,-30.842,0.6693242,5.534549,-38.83557
32.07,19.56,-30.842,1.212719,5.798603,-38.75805
32.07,19.56,-30.842,1.742124,6.055854,-38.68261
32.07,19.56,-30.842,2.279045,6.316755,-38.60614
32.07,19.56,-30.842,2.776399,6.558426,-38.53533
32.07,19.56,-30.842,3.337933,6.831284,-38.45539
32.07,19.56,-30.842,3.878398,7.093904,-38.37846
32.07,19.56,-30.842,4.439517,7.366559,-38.2986
32.07,19.56,-30.842,4.936666,7.60813,-38.22784
32.07,19.56,-30.842,5.482113,7.873169,-38.15021
32.07,19.56,-30.842,6.012233,8.13076,-38.07476
32.07,19.56,-30.842,6.500978,8.36823,-38.00543
32.07,19.56,-30.842,7.118846,8.66841,-37.91843
32.07,19.56,-30.842,7.629966,8.91661,-37.84808
32.07,19.56,-30.842,8.149336,9.16868,-37.77886
32.07,19.56,-30.842,8.721244,9.44608,-37.70528
32.07,19.56,-30.842,9.255853,9.70526,-37.63851
32.07,19.56,-30.842,9.787853,9.96309,-37.57341
32.07,19.56,-30.842,10.2913,10.20704,-37.51252
32.07,19.56,-30.842,10.84922,10.47735,-37.44548
32.07,19.56,-30.842,11.39296,10.74078,-37.38037
32.07,19.56,-30.842,11.92148,10.99683,-37.31721
32.07,19.56,-30.842,12.45091,11.25331,-37.25401
32.07,19.56,-30.842,12.96902,11.50431,-37.19219
32.07,19.56,-30.842,13.55093,11.78621,-37.12278
32.07,19.56,-30.842,14.07365,12.03944,-37.06043
32.07,19.56,-30.842,14.60212,12.29545,-36.99741
32.07,19.56,-30.842,15.13091,12.55162,-36.93435
32.07,19.56,-30.842,15.66611,12.8109,-36.87053
32.07,19.56,-30.842,16.2367,13.08732,-36.80249
32.07,19.56,-30.842,16.76332,13.34244,-36.73969
32.07,19.56,-30.842,17.27791,13.59172,-36.67833
32.07,19.56,-30.842,17.83223,13.86024,-36.61256
32.07,19.56,-30.842,18.33136,14.10195,-36.55446
32.07,19.56,-30.842,18.88492,14.36984,-36.4929
32.07,19.56,-30.842,19.45452,14.64522,-36.43368
32.07,19.56,-30.842,20.00346,14.91038,-36.3804
32.07,19.56,-30.842,20.53431,15.16664,-36.33123
32.07,19.56,-30.842,21.0451,15.41315,-36.2851
32.07,19.56,-30.842,21.61333,15.68733,-36.23454
32.07,19.56,-30.842,22.11156,15.92768,-36.19114
32.07,19.56,-30.842,22.67194,16.1978,-36.14546
32.07,19.56,-30.842,23.21417,16.45883,-36.10672
32.07,19.56,-30.842,23.72895,16.7062,-36.07701
32.07,19.56,-30.842,24.27268,16.96696,-36.05361
32.07,19.56,-30.842,24.79196,17.21542,-36.04044
32.07,19.56,-30.842,25.38772,17.49918,-36.0457
32.07,19.56,-30.842,25.89969,17.74138,-36.07606
32.07,19.56,-30.842,26.41388,17.98379,-36.11974
32.07,19.56,-30.842,26.96241,18.25005,-36.04607
32.07,19.56,-30.842,27.49248,18.51167,-35.9069
32.07,19.56,-30.842,27.92596,18.72636,-35.78158
32.07,19.56,-30.842,28.50539,19.01256,-35.62614
32.07,19.56,-30.842,29.04377,19.27681,-35.50789
32.07,19.56,-30.842,29.54401,19.52034,-35.42953
32.07,19.56,-30.842,30.052,19.75883,-35.48845
32.07,19.56,-30.842,30.48293,19.94872,-35.73339
32.07,19.56,-30.842,30.82729,20.09139,-36.07174
32.07,19.56,-30.842,31.15782,20.21867,-36.54809
32.07,19.56,-30.842,31.41594,20.30988,-37.04873
32.07,19.56,-30.842,31.62942,20.37832,-37.57278
-20.16,15.79,-3.8,-18.64011,0,38.65819
-20.16,15.79,-3.8,-18.54896,0,38.53122
-20.16,15.79,-3.8,-18.50207,0,38.4659
-20.16,15.79,-3.8,-18.47566,0,38.42911
-20.16,15.79,-3.8,-18.46145,0,38.40932
-20.16,15.79,-3.8,-18.45363,0,38.39842
-20.16,15.79,-3.8,-18.44989,0,38.39321
-20.16,15.79,-3.8,-18.44766,0,38.39011
-20.16,15.79,-3.8,-18.44651,0,38.3885
-20.16,15.79,-3.8,-18.44583,0,38.38755
-20.16,15.79,-3.8,-18.44551,0,38.3871
-20.16,15.79,-3.8,-18.44533,0,38.38686
-20.16,15.79,-3.8,-18.44524,0,38.38674
-20.16,15.79,-3.8,-18.44519,0,38.38667
-20.16,15.79,-3.8,-18.44517,0,38.38663
-20.16,15.79,-3.8,-18.44515,0,38.38661
-20.16,15.79,-3.8,-18.31111,0,38.27393
-20.16,15.79,-3.8,-18.04482,0,38.04002
-20.16,15.79,-3.8,-17.68466,0,37.68216
-20.16,15.79,-3.8,-17.36657,0,37.30836
-20.16,15.79,-3.8,-17.0157,0,36.82669
-20.16,15.79,-3.8,-16.78048,0,36.3493
-20.16,15.79,-3.8,-16.83849,0,35.9007
-20.16,15.79,-3.8,-17.07911,0,35.50166
-20.16,15.79,-3.8,-17.41581,0,35.0526
-20.16,15.79,-3.8,-17.68054,0,34.65614
-20.16,15.79,-3.8,-17.96795,0,34.0547
-20.16,15.79,-3.8,-18.11685,0,33.51778
-20.16,15.79,-3.8,-18.1952,0,32.94771
-20.16,15.79,-3.8,-18.22662,0,32.38587
-20.16,15.79,-3.8,-18.23421,0,31.78712
-20.16,15.79,-3.8,-18.23145,0,31.16109
-20.16,15.79,-3.8,-18.23797,0,30.57126
-20.16,15.79,-3.8,-18.17519,0,30.07879
-20.16,15.79,-3.8,-17.96309,0,29.53194
-20.16,15.79,-3.8,-17.62497,0,29.05103
-20.16,15.79,-3.8,-17.34242,0,28.59805
-20.16,15.79,-3.8,-17.10984,0,28.02035
-20.16,15.79,-3.8,-17.02644,0,27.46603
-20.16,15.79,-3.8,-16.97641,0,26.91533
-20.16,15.79,-3.8,-16.81595,0,26.3301
-20.16,15.79,-3.8,-16.63645,0,25.83988
-20.16,15.79,-3.8,-16.40076,0,25.25558
-20.16,15.79,-3.8,-16.18275,0,24.73219
-20.16,15.79,-3.8,-15.93629,0,24.14132
-20.16,15.79,-3.8,-15.71365,0,23.60371
-20.16,15.79,-3.8,-15.49539,0,23.07432
-20.16,15.79,-3.8,-15.24831,0,22.46997
-20.16,15.79,-3.8,-15.04277,0,21.95841
-20.16,15.79,-3.8,-14.81198,0,21.37494
-20.16,15.79,-3.8,-14.65972,0,20.80512
-20.16,15.79,-3.8,-14.77807,0,20.39489
-20.16,15.79,-3.8,-15.11274,0,20.04343
-20.16,15.79,-3.8,-15.56539,0,19.75037
-20.16,15.79,-3.8,-16.02341,0,19.51614
-20.16,15.79,-3.8,-16.56874,0,19.27008
-20.16,15.79,-3.8,-17.09805,0,19.04768
-20.16,15.79,-3.8,-17.65378,0,18.82255
-20.16,15.79,-3.8,-18.21837,0,18.59843
-20.16,15.79,-3.8,-18.73056,0,18.39282
-20.16,15.79,-3.8,-19.17259,0,18.06616
-20.16,15.79,-3.8,-19.54178,0,17.61371
-20.16,15.79,-3.8,-19.85181,0,17.11011
-20.16,15.79,-3.8,-20.1359,0,16.57136
-20.16,15.79,-3.8,-20.393,0,16.04187
-20.16,15.79,-3.8,-20.62824,0,15.53615
-20.16,15.79,-3.8,-20.8722,0,14.99508
-20.16,15.79,-3.8,-21.12123,0,14.43808
-20.16,15.79,-3.8,-21.36537,0,13.88852
-20.16,15.79,-3.8,-21.59097,0,13.37903
-20.16,15.79,-3.8,-21.84517,0,12.80391
-20.16,15.79,-3.8,-22.09891,0,12.22924
-20.16,15.79,-3.8,-22.3427,0,11.67681
-20.16,15.79,-3.8,-22.58844,0,11.1202
-20.16,15.79,-3.8,-22.80401,0,10.6318
-20.16,15.79,-3.8,-23.06591,0,10.03206
-20.16,15.79,-3.8,-23.29902,0,9.484343
-20.16,15.79,-3.8,-23.5219,0,8.932899
-20.16,15.79,-3.8,-23.7337,0,8.374095
-20.16,15.79,-3.8,-23.93979,0,7.80377
-20.16,15.79,-3.8,-24.13468,0,7.249362
-20.16,15.79,-3.8,-24.3378,0,6.66295
-20.16,15.79,-3.8,-24.52852,0,6.107897
-20.16,15.79,-3.8,-24.71814,0,5.553679
-20.16,15.79,-3.8,-24.91003,0,4.991548
-20.16,15.79,-3.8,-25.11861,0,4.379729
-20.16,15.79,-3.8,-25.29434,0,3.863927
-20.16,15.79,-3.8,-25.48782,0,3.295817
-20.16,15.79,-3.8,-25.6867,0,2.711743
-20.16,15.79,-3.8,-25.88358,0,2.133476
-20.16,15.79,-3.8,-26.06994,0,1.586067
-20.16,15.79,-3.8,-26.26957,0,0.9996763
-20.16,15.79,-3.8,-31.16084,0.708298,-10.08555
-20.16,15.79,-3.8,-31.41717,0.705714,-10.52462
-20.16,15.79,-3.8,-31.58858,0.575859,-10.97455
-20.16,15.79,-3.8,-31.66775,0.647317,-11.47086
-20.16,15.79,-3.8,-31.66912,0.722784,-11.88557
-20.16,15.79,-3.8,-31.71006,0.715645,-12.40868
-20.16,15.79,-3.8,-31.75286,0.611151,-12.90146
-20.16,15.79,-3.8,-30.91361,0,-15.01858
-20.16,15.79,-3.8,-30.56125,0,-15.52601
-20.16,15.79,-3.8,-30.31044,0,-16.065
-20.16,15.79,-3.8,-30.12482,0,-16.57033
-20.16,15.79,-3.8,-30.07992,0,-17.15311
-20.16,15.79,-3.8,-30.19257,0,-17.65751
-20.16,15.79,-3.8,-30.39194,0,-18.17722
-20.16,15.79,-3.8,-30.65158,0,-18.7255
-20.16,15.79,-3.8,-30.77389,0,-19.24649
-20.16,15.79,-3.8,-30.72093,0,-19.79225
-20.16,15.79,-3.8,-30.6128,0,-20.30336
-20.16,15.79,-3.8,-30.53996,0,-20.91761
-20.16,15.79,-3.8,-30.47221,0,-21.40847
-20.16,15.79,-3.8,-30.3634,0,-21.95938
-20.16,15.79,-3.8,-30.18872,0,-22.60828
-20.16,15.79,-3.8,-30.00209,0,-23.19543
-20.16,15.79,-3.8,-29.79869,0,-23.78481
-20.16,15.79,-3.8,-29.61456,0,-24.29748
-20.16,15.79,-3.8,-29.40939,0,-24.85708
-20.16,15.79,-3.8,-29.20665,0,-25.40377
-20.16,15.79,-3.8,-28.97514,0,-26.02406
-20.16,15.79,-3.8,-28.76046,0,-26.59728
-20.16,15.79,-3.8,-28.55168,0,-27.15943
-20.16,15.79,-3.8,-28.28732,0,-27.64433
-20.16,15.79,-3.8,-27.89537,0,-27.9072
-20.16,15.79,-3.8,-27.42863,0,-28.06348
-20.16,15.79,-3.8,-26.87658,0,-28.22504
-20.16,15.79,-3.8,-26.30881,0,-28.44201
-20.16,15.79,-3.8,-25.79354,0,-28.71509
-20.16,15.79,-3.8,-25.35692,0,-29.01795
-20.16,15.79,-3.8,-24.90055,0,-29.409
-20.16,15.79,-3.8,-24.45221,0,-29.87371
-20.16,15.79,-3.8,-24.11574,0,-30.28473
-20.16,15.79,-3.8,-23.77409,0,-30.77947
-20.16,15.79,-3.8,-23.47024,0,-31.33869
-20.16,15.79,-3.8,-23.25913,0,-31.87192
-20.16,15.79,-3.8,-23.11727,0,-32.41721
-20.16,15.79,-3.8,-23.04113,0,-33.0301
-20.16,15.79,-3.8,-23.0425,0,-33.59274
-20.16,15.79,-3.8,-23.10806,0,-34.16082
-20.16,15.79,-3.8,-23.24116,0,-34.75079
-20.16,15.79,-3.8,-23.43534,0,-35.31041
-20.16,15.79,-3.8,-23.71778,0,-35.86806
-20.16,15.79,-3.8,-24.04491,0,-36.34287
-20.16,15.79,-3.8,-24.41372,0,-36.79211
-20.16,15.79,-3.8,-24.80861,0,-37.23085
-20.16,15.79,-3.8,-25.19241,0,-37.63726
-20.16,15.79,-3.8,-25.65257,0,-38.11136
-20.16,15.79,-3.8,-26.0776,0,-38.54301
-20.16,15.79,-3.8,-26.50623,0,-38.97518
-20.16,15.79,-3.8,-26.9096,0,-39.38382
-20.16,15.79,-3.8,-27.3281,0,-39.84441
-20.16,15.79,-3.8,-27.65778,0,-40.24806
-20.16,15.79,-3.8,-35.29807,3.862888,-44.18616
-20.16,15.79,-3.8,-35.78295,3.855621,-44.04678
-20.16,15.79,-3.8,-36.29367,3.853031,-43.83207
-20.16,15.79,-3.8,-36.79234,3.851959,-43.55707
-20.16,15.79,-3.8,-37.28362,3.851122,-43.2186
-20.16,15.79,-3.8,-37.69065,3.850914,-42.88257
-20.16,15.79,-3.8,-38.10275,3.850378,-42.44579
-20.16,15.79,-3.8,-38.28785,3.850248,-41.97116
-20.16,15.79,-3.8,-38.33794,3.850153,-41.39651
-20.16,15.79,-3.8,-38.3004,3.850118,-40.81253
-20.16,15.79,-3.8,-38.21858,3.850062,-40.26262
-20.16,15.79,-3.8,-38.1031,3.850052,-39.69465
-20.16,15.79,-3.8,-37.96803,3.850039,-39.14755
-20.16,15.79,-3.8,-37.80562,3.850031,-38.58217
-20.16,15.79,-3.8,-37.62428,3.850021,-38.02524
-20.16,15.79,-3.8,-32.27585,8.75015,-22.20475
-20.16,15.79,-3.8,-31.74643,8.75015,-22.14939
-20.16,15.79,-3.8,-31.18963,8.75015,-22.21822
-20.16,15.79,-3.8,-30.59473,8.75016,-22.36029
-20.16,15.79,-3.8,-30.11794,8.75016,-22.49145
-20.16,15.79,-3.8,-29.50842,8.75016,-22.64279
-20.16,15.79,-3.8,-28.98853,8.75017,-22.75918
-20.16,15.79,-3.8,-28.27531,8.75017,-22.87739
-20.16,15.79,-3.8,-27.73323,8.75017,-22.92837
-20.16,15.79,-3.8,-27.1533,8.75018,-22.9503
-20.16,15.79,-3.8,-26.55029,8.75018,-22.94033
-20.16,15.79,-3.8,-25.9121,8.75018,-22.90079
-20.16,15.79,-3.8,-25.36256,8.75018,-22.84876
-20.16,15.79,-3.8,-24.70593,8.75018,-22.76449
-20.16,15.79,-3.8,-24.19086,8.75018,-22.67911
-20.16,15.79,-3.8,-23.53263,8.75018,-22.53903
-20.16,15.79,-3.8,-22.96864,8.75018,-22.38451
-20.16,15.79,-3.8,-22.41836,8.75018,-22.19196
-20.16,15.79,-3.8,-21.86325,8.75018,-21.94552
-20.16,15.79,-3.8,-21.38811,8.75018,-21.68685
-20.16,15.79,-3.8,-21.01226,8.75018,-21.30213
-20.16,15.79,-3.8,-20.79093,8.75017,-20.78943
-20.16,15.79,-3.8,-20.67974,8.75016,-20.23047
-20.16,15.79,-3.8,-20.6366,8.75016,-19.69621
-20.16,15.79,-3.8,-20.62802,8.75015,-19.08838
-20.16,15.79,-3.8,-20.64249,8.75014,-18.48593
-20.16,15.79,-3.8,-20.66738,8.75014,-17.90536
-20.16,15.79,-3.8,-20.69897,8.75013,-17.30909
-20.16,15.79,-3.8,-22.38754,11.80644,-2.554345
-20.16,15.79,-3.8,-22.5306,11.74211,-2.687247
-20.16,15.79,-3.8,-22.59529,11.6773,-2.747348
-20.16,15.79,-3.8,-22.63581,8.74996,-3.446031
-20.16,15.79,-3.8,-22.56439,8.74996,-3.522022
-20.16,15.79,-3.8,-22.52566,8.74996,-3.563234
-20.16,15.79,-3.8,-22.50763,8.74996,-3.582417
-20.16,15.79,-3.8,-22.49534,8.74996,-3.595483
-20.16,15.79,-3.8,-22.48989,8.74996,-3.60129
-20.16,15.79,-3.8,-22.48678,8.74996,-3.604594
35.7,11.77,40.15,-12.34976,0,40.19422
35.7,11.77,40.15,-11.80186,0,40.14044
35.7,11.77,40.15,-11.24104,0,39.94305
35.7,11.77,40.15,-10.8209,0,39.63815
35.7,11.77,40.15,-10.38138,0,39.21279
35.7,11.77,40.15,-10.01357,0,38.80602
35.7,11.77,40.15,-9.673495,0,38.40772
35.7,11.77,40.15,-9.186107,0,38.05447
35.7,11.77,40.15,-8.670481,0,37.85916
35.7,11.77,40.15,-8.111309,0,37.73231
35.7,11.77,40.15,-7.498188,-0.09447,37.64627
35.7,11.77,40.15,-6.975845,-0.09447,37.74534
35.7,11.77,40.15,-6.531387,-0.09447,37.98402
35.7,11.77,40.15,-6.129406,-0.09447,38.28516
35.7,11.77,40.15,-5.654411,-0.09447,38.6562
35.7,11.77,40.15,-5.12467,-0.09447,38.8723
35.7,11.77,40.15,-4.569108,-0.09447,38.99191
35.7,11.77,40.15,-4.000797,-0.09447,39.06312
35.7,11.77,40.15,-3.417855,-0.09447,39.11055
35.7,11.77,40.15,-2.818036,-0.09447,39.14521
35.7,11.77,40.15,-2.211936,-0.09447,39.1727
35.7,11.77,40.15,-1.642,-0.09447,39.19532
35.7,11.77,40.15,-1.040955,-0.09447,39.21676
35.7,11.77,40.15,-0.4263746,-0.09447,39.23048
35.7,11.77,40.15,0.1792638,-0.09447,39.23102
35.7,11.77,40.15,0.7796435,-0.09447,39.219
35.7,11.77,40.15,1.383881,-0.09447,39.19825
35.7,11.77,40.15,1.921643,-0.09447,39.17524
35.7,11.77,40.15,2.56541,-0.09447,39.14339
35.7,11.77,40.15,3.200631,-0.09447,39.10892
35.7,11.77,40.15,3.721813,-0.09447,39.07943
35.7,11.77,40.15,4.37754,-0.09447,39.04146
35.7,11.77,40.15,4.977773,-0.09447,39.00628
35.7,11.77,40.15,5.587689,-0.09447,38.9703
35.7,11.77,40.15,6.145938,-0.09447,38.93726
35.7,11.77,40.15,6.787052,-0.09447,38.89925
35.7,11.77,40.15,7.377653,-0.09447,38.8642
35.7,11.77,40.15,7.927545,-0.09447,38.83155
35.7,11.77,40.15,8.560525,-0.09447,38.79396
35.7,11.77,40.15,9.185538,-0.09447,38.75684
35.7,11.77,40.15,9.782123,-0.09447,38.7214
35.7,11.77,40.15,10.38159,-0.09447,38.68579
35.7,11.77,40.15,10.98751,-0.09447,38.64979
35.7,11.77,40.15,11.58306,-0.09447,38.61441
35.7,11.77,40.15,12.10473,-0.09447,38.58342
35.7,11.77,40.15,12.7708,-0.09447,38.54385
35.7,11.77,40.15,13.37144,-0.09447,38.50817
35.7,11.77,40.15,13.97046,-0.09447,38.47258
35.7,11.77,40.15,14.57895,-0.09447,38.43619
35.7,11.77,40.15,15.11085,-0.09447,38.40214
35.7,11.77,40.15,15.66889,-0.09447,38.48901
35.7,11.77,40.15,16.2122,-0.09447,38.72243
35.7,11.77,40.15,16.67754,-0.09447,38.99535
35.7,11.77,40.15,17.21968,-0.09447,39.18467
35.7,11.77,40.15,17.75721,-0.09447,39.23234
35.7,11.77,40.15,18.34074,-0.09447,39.1961
35.7,11.77,40.15,18.91058,-0.09447,39.1084
35.7,11.77,40.15,19.45637,-0.09447,38.9925
35.7,11.77,40.15,20.06845,-0.09447,38.84195
35.7,11.77,40.15,20.68737,-0.09447,38.67807
35.7,11.77,40.15,21.25176,-0.09447,38.52319
35.7,11.77,40.15,21.83392,-0.09447,38.36064
35.7,11.77,40.15,22.4253,-0.09447,38.19395
35.7,11.77,40.15,22.99492,-0.09447,38.03259
35.7,11.77,40.15,23.57132,-0.09447,37.8689
35.7,11.77,40.15,24.10778,-0.09447,37.71634
35.7,11.77,40.15,24.73372,-0.09447,37.53819
35.7,11.77,40.15,25.30666,-0.09447,37.37461
35.7,11.77,40.15,25.85665,-0.09447,37.21389
35.7,11.77,40.15,26.45745,-0.09447,37.02966
35.7,11.77,40.15,26.98039,-0.09447,36.86213
35.7,11.77,40.15,27.58175,-0.09447,36.66448
35.7,11.77,40.15,40.09972,7.349434,36.6651
35.7,11.77,40.15,40.24662,7.357503,36.97193
35.7,11.77,40.15,40.32575,7.352046,37.13723
35.7,11.77,40.15,40.36649,7.351129,37.22232
35.7,11.77,40.15,40.38856,7.350528,37.26841
35.7,11.77,40.15,40.43317,7.350315,37.25213
35.7,11.77,40.15,40.62396,7.350169,37.04321
35.7,11.77,40.15,40.8774,7.350114,36.7792
35.7,11.77,40.15,41.10554,7.350051,36.5494
35.7,11.77,40.15,41.20738,7.350026,36.44681
35.7,11.77,40.15,41.26095,7.350013,36.39285
35.7,11.77,40.15,41.28891,7.349988,36.36469
35.7,11.77,40.15,41.30431,7.349741,36.34918
35.7,11.77,40.15,41.31347,7.349459,36.33995
35.7,11.77,40.15,41.31808,7.349285,36.3353
35.7,11.77,40.15,41.32068,7.349177,36.33269
35.7,11.77,40.15,41.32198,7.349118,36.33138
35.7,11.77,40.15,41.32259,7.349089,36.33076
35.7,11.77,40.15,41.32299,7.34907,36.33035
35.7,11.77,40.15,41.3232,7.349061,36.33015
35.7,11.77,40.15,41.28174,7.350295,36.37132
35.7,11.77,40.15,41.07023,7.350222,36.58136
